Name,Height,Width
cai-shen-qi-lin.png,432,414
cai-shen-qing-long.png,582,667
cai-shen-top-1.png,766,407
cai-shen-top-3-1.png,1107,189
cai-shen-top-3-2.png,1095,415
cai-shen-top-3-3.png,1058,627
cai-shen-top2.png,934,414
cai-shen-xuan-wu.png,345,617
cai-shen-low-1.png,327,263
cai-shen-low-2.png,329,554
cai-shen-low-3-1.png,490,89
cai-shen-low-3-2.png,509,247
cai-shen-low-3-3.png,511,565
cai-shen-low-3-4.png,503,716
cai-shen-low-4.png,585,402
cai-shen-low-5-1.png,803,151
cai-shen-low-5-2.png,831,399
cai-shen-low-5-3.png,798,639
cai-shen-low-6-1.png,990,161
cai-shen-low-6-2.png,1046,394
cai-shen-low-6-3.png,1000,629
